student_code,exam_count,avg_grades
87447,5,28.2
42299,6,28.0
44599,4,27.25
74343,4,27.0
61917,5,27.0
43950,5,26.8
76722,5,26.6
72468,6,26.333333333333332
54043,6,26.333333333333332
51380,8,26.25
